,mae,rmse,median_absolute_error
global_median,10790.695563646816,14497.193948866638,9778.0
segment_median,5036.316701001294,9204.848337926067,2797.5
